pagenum,state,name,county,storet_code,lake_type,drainage_area,surface_area,mean_depth,total_inflow,retention_time,alkalinity,conductivity,sechhi,tp,po4,tin,tn,p_pnt_source_muni,p_pnt_source_industrial,p_pnt_source_septic,p_nonpnt_source,p_total,n_pnt_source_muni,n_pnt_source_industrial,n_pnt_source_septic,n_nonpnt_source,n_total,p_total_out,p_percent_retention,p_surface_area_loading,n_total_out,n_percent_retention,n_surface_area_loading,,
11,CONNECTICUT,ASPINOOK,NEW LONDON,0901,IMPOUNDMENT,1851.85,1.35,2.7,35.5,1.2,20,115,0.8,0.092,0.053,0.59,NA,28259,NA,14,106816,135088,80236,NA,535,1679467,1760237,125927,7,100.24,1610394,9,1306.2,,
12,CONNECTICUT,BANTAM,LITCHFIELD,0902,NATURAL,85.99,3.71,4.4,1.7,112,33,110,1.7,0.044,0.014,0.135,NA,190,NA,NA,2132,2322,535,NA,NA,44562,45098,2431,NA,0.63,47927,NA,12.2,,
13,CONNECTICUT,COMMUNITY LAKE,NEW HAVEN,0903,IMPOUNDMENT,282.31,0.36,NA,5.5,NA,66,280,0.9,0.488,0.36,2.15,NA,38236,NA,NA,57007,95243,179537,NA,NA,397179,576716,91810,4,261.49,553528,4,1583.4,,
14,CONNECTICUT,EAGLEVILLE,TOLLAND,0904,IMPOUNDMENT,287.49,0.32,0.9,5.3,0.6,10,90,1.6,0.094,0.04,0.5,NA,11374,NA,14,6127,17515,69728,NA,535,180689,250952,13819,21,54.1,257710,NA,775.1,,
15,CONNECTICUT,HANOVER POND,NEW HAVEN,0905,IMPOUNDMENT,246.31,0.26,1.4,4.8,0.8,59,265,1,0.298,0.189,1.575,NA,29673,NA,NA,26875,56549,105900,NA,NA,247143,353043,56440,0,218.33,380676,NA,1363.1,,
16,CONNECTICUT,LAKE ZOAR,LITCHFIELD NEH HAVEN,0910,IMPOUNDMENT,3991.19,3.95,7.5,70.2,5,72,220,1.9,0.043,0.029,0.56,NA,10154,NA,NA,144617,154771,14231,NA,NA,2747388,2761619,116562,25,39.22,2556381,7,699.9,,
17,CONNECTICUT,LAKE LILLINONAH,FAIRFIELD,0911,IMPOUNDMENT,3605.28,7.69,11.9,62.7,17,80,240,3.7,0.054,0.048,0.66,NA,29669,NA,NA,193900,223569,214957,NA,NA,2786162,3001118,133406,40,29.08,2512589,16,390.3,,
18,CONNECTICUT,LAKE HOUSATONIC,NEWHAVEN FAIR FIELD,0912,IMPOUNDMENT,4076.66,1.33,2.9,71.8,0.6,84,240,1.9,0.039,0.029,0.57,NA,NA,NA,NA,118236,118236,NA,NA,NA,2607147,2607147,99506,16,89.07,2459537,6,1964.1,,
19,MAINE,ESTES LAKE,YORK,2304,IMPOUNDMENT,271.95,1.57,3,5,11,13,75,1,0.094,0.057,0.23,NA,11234,NA,14,3864,15111,45193,NA,481,127129,172803,14254,6,9.65,193388,NA,110.3,,
20,MAINE,LONG LAKE,CUMBERLAND,2306,NATURAL,295.26,19.7,10.4,5.5,1.2,10,50,3.4,0.008,0.006,0.08,NA,NA,NA,299,2458,2757,NA,NA,11256,83578,94834,1388,50,0.14,78757,17,4.8,,
21,MAINE,MATTAWAMKEAG LAKE,AROOSTOOK,2308,NATURAL,813.26,13.48,3.7,13.7,42,16,65,1.6,0.011,0.007,0.12,NA,4254,NA,NA,3683,7937,54698,NA,NA,249714,304413,5619,29,0.59,230839,24,22.6,,SHIFT
22,MAINE,MOOSEHEAD,PISCATAQUIS,2309,NATURAL,3279.97,303.08,16.5,52.9,3,10,50,3.8,0.005,0.003,0.18,NA,NA,NA,136,24476,24612,NA,NA,5134,1217029,1222162,13342,46,0.08,916562,25,4,,SHIFT & ZEROS
23,MAINE,RANGELEY LAKE,FRANKLIN,2310,NATURAL,256.41,24.28,14.3,3.9,2.8,10,50,3.8,0.007,0.005,0.11,NA,331,NA,145,1692,2168,1043,NA,5370,90240,96653,1102,49,0.09,52834,45,4,,
24,MAINE,SEBAGO LAKE,CUMBERLAND,2311,NATURAL,1142.19,116.43,30.8,20.9,5.4,10,50,5.1,0.004,0.003,0.155,NA,NA,NA,517,8744,9261,NA,NA,19451,528403,547855,3959,57,0.08,482168,12,4.7,,
25,MAINE,SEBASTICOOK LAKE,PENOBSCOT,2312,NATURAL,326.34,17.35,5.8,6,200,30,140,1.1,0.05,0.024,0.11,NA,8263,NA,86,3460,11810,92726,NA,3197,197274,293197,8358,29,0.68,92141,69,16.9,,
26,MAINE,LONG LAKE,AROOSTOOK,2313,NATURAL,234.14,24.28,13.4,3.2,3.2,26,83,2.6,0.01,0.006,0.2,NA,290,NA,209,2494,2993,875,NA,7832,170036,178744,1311,56,0.12,70358,61,7.4,,
27,MAINE,BAY OF NAPLES,CUMBERLAND,2314,NATURAL,308.21,3.08,4.3,5.8,26,10,50,3.2,0.005,0.003,0.07,NA,NA,NA,41,1533,1574,NA,NA,1565,88431,89995,1279,19,0.51,121710,NA,29.2,,
28,MASSACHUSETTS,HAGER POND,MIDDLESEX,2502,NATURAL,4.4,0.1,1.5,0.1,24,25,419,0.4,1.525,0.482,7.355,NA,12980,NA,NA,118,13098,54485,NA,NA,3565,58050,3510,73,129.46,26771,54,573.8,,
29,MASSACHUSETTS,HARRIS POND,NA,2503,IMPOUNDMENT,85.73,0.36,2.4,1.6,6.2,12,110,0.8,0.052,0.023,0.41,NA,2444,503,NA,912,3859,11964,1202,NA,30644,43810,2522,35,10.84,42376,3,123,,
30,MASSACHUSETTS,MAYNARD IMPOUNDMENT,MIDDLESEX,2504,IMPOUNDMENT,292.67,0.32,1.2,4.9,1,24,190,1.3,0.417,0.356,0.66,NA,29438,NA,NA,2585,32023,86204,NA,NA,216308,302512,34354,NA,98.91,330463,NA,934.4,,
31,MASSACHUSETTS,WOODS POND,BERKSHIRE,2507,IMPOUNDMENT,445.48,0.49,1.2,8.8,1,110,295,1.1,0.363,0.282,1.41,NA,62186,61224,NA,8379,131789,286635,NA,NA,393492,680127,100571,24,266.93,939887,NA,1377.5,,
32,MASSACHUSETTS,MATFIELD IMPOUNDMENT,PLYMOUTH,2508,IMPOUNDMENT,356.9,0.15,0.9,6.8,0.3,10,180,0.4,0.535,0.383,2.64,NA,81342,NA,NA,44404,125746,354426,NA,NA,496045,850472,82259,35,817.68,875880,NA,5530.3,,
33,MASSACHUSETTS,ROCHDALE POND,HORCHESTER,2509,IMPOUNDMENT,48.95,0.17,1.8,0.8,4.5,10,153,1.1,0.063,0.027,0.15,NA,113,NA,NA,1143,1256,635,NA,NA,30281,30916,1569,NA,7.57,25374,18,186.3,,
34,MASSACHUSETTS,BILLERICA IMPOUNDMENT,MIDDLESEX,2511,IMPOUNDMENT,714.84,0.1,2.1,15.3,0.2,23,205,1,0.181,0.128,0.395,NA,43787,NA,NA,28626,72413,136844,NA,NA,827084,963927,71107,2,715.73,1058984,NA,9527.4,,
35,MASSACHUSETTS,NORTHBORO IMPOUNDMENT,MORCMESTER,2512,IMPOUNDMENT,91.69,0.06,1.2,1.5,0.5,10,20,1.1,0.275,0.212,0.6,NA,20118,NA,NA,4272,24390,42254,NA,NA,72050,114304,24313,0,401.78,123098,NA,1883,,
36,MASSACHUSETTS,HUDSON IMPOUNDMENT,MIDDLESEA NORCHESTER,2513,IMPOUNDMENT,188.29,0.12,1.2,3.1,0.5,20,220,1.4,0.476,0.416,1.31,NA,25134,NA,NA,5039,30172,54880,NA,NA,139587,194467,23583,22,248.52,218975,NA,1601.8,,
37,MICHIGAN,HOLLOWAY RESERVIOR,,26A0,IMPOUNDMENT,1362.34,3.86,NA,7.1,NA,220,575,1.5,0.057,0.032,0.58,NA,7642,NA,23,17478,25143,27542,NA,798,452576,480916,16132,36,6.51,486340,NA,124.6,,
38,MICHIGAN,CARO RESERVOIR,TUSCOLA,26A1,IMPOUNDMENT,1649.83,0.81,NA,8.9,NA,238,650,0.7,0.108,0.029,1.6,NA,8095,NA,NA,19120,27215,20662,NA,NA,906023,926685,33129,NA,33.62,983184,NA,1144.9,,
39,MICHIGAN,BOARDMAN HYDRO POND,GRAND TRAVERSE,26A2,IMPOUNDMENT,NA,0.31,7.6,NA,NA,153,308,3.5,0.008,0.004,0.28,NA,NA,NA,NA,NA,NA,NA,NA,NA,NA,NA,NA,NA,NA,NA,NA,NA,,
40,MICHIGAN,LAKE ALLEGAN,ALLEGAN,2603,IMPOUNDMENT,3991.19,6.42,3.4,35.7,7,223,600,0.7,0.135,0.061,1.02,NA,46989,NA,NA,154522,201510,756671,NA,NA,1831984,2588655,154177,23,31.4,3120462,NA,403.3,,
41,MICHIGAN,BARTON LAKE,KALAMAZOO,2606,NATURAL,129.24,1.4,6.1,1.2,81,169,400,1.1,0.061,0.031,0.985,NA,1986,NA,36,989,3011,4975,NA,1293,41596,47864,2984,1,2.14,70925,NA,34.1,,
42,MICHIGAN,BELLEVILLE LAKE,MAYNE,2609,IMPOUNDMENT,2157.47,5.14,6.1,14.4,25,172,540,0.9,0.122,0.06,1.11,NA,75846,NA,100,4980,80925,485760,NA,3633,630775,1120167,60807,25,15.75,1236322,NA,217.9,,
43,MICHIGAN,BETSIE LAKE,BENZIE,2610,NATURAL,634.55,1.01,NA,9.9,NA,145,304,1,0.026,0.009,0.175,NA,5986,NA,NA,6544,12531,17995,NA,NA,299986,317982,10685,15,12.39,266934,16,314.3,,
44,MICHIGAN,BRIGHTON LAKE,NA,2613,NATURAL,61.12,2.43,NA,0.4,NA,188,520,1.1,0.62,0.22,0.48,NA,580,NA,27,367,975,8431,NA,961,14707,24100,1542,NA,0.4,15828,34,9.9,,
45,MICHIGAN,LAKE CHARLEVOIX,NA,2617,NATURAL,854.7,69.85,16.8,11.5,3.2,130,285,3.8,0.006,0.004,0.21,NA,1211,NA,231,7138,8580,8077,NA,8667,642081,658825,3138,63,0.12,344363,48,9.4,,
46,MICHIGAN,LAKE CHEMUNG,LIVINGSTON,2618,NATURAL,13.99,1.25,8.5,0.1,4.2,137,410,2.4,0.032,0.013,0.14,NA,NA,NA,141,132,272,NA,NA,5224,6508,11732,100,63,0.22,3610,69,9.4,,
47,MICHIGAN,CONSTANTINE RESERVOIR,ST JOSEPH,2621,IMPOUNDMENT,NA,2.25,NA,NA,NA,193,500,1.1,0.048,0.02,0.41,NA,NA,NA,NA,NA,NA,NA,NA,NA,NA,NA,NA,NA,NA,NA,NA,NA,,
48,MICHIGAN,DEER LAKE,MARQUETTE,2624,NATURAL,94.02,3.63,NA,1.1,NA,57,220,1.5,0.244,0.212,0.12,NA,7238,NA,NA,1320,8558,31333,NA,NA,56608,87941,7819,9,2.36,66635,24,24.2,,
49,MICHIGAN,FORD LAKE,WASHTENAW,2629,IMPOUNDMENT,2108.26,4.25,4.4,14.1,15,187,538,1.1,0.111,0.063,1.16,NA,63474,NA,NA,5211,68685,436209,NA,NA,681184,1117392,55683,19,16.16,983030,12,263,,
50,MICHIGAN,FREMONT LAKE,NERAYGO,2631,NATURAL,52.58,3.2,10.1,0.5,1.9,162,480,1.5,0.378,0.344,1.46,NA,4023,NA,27,5447,9497,11238,NA,1066,40209,52512,5020,47,2.97,38154,27,16.4,,
51,MICHIGAN,JORDAN LAKE,IONIA HARRY,2640,NATURAL,66.82,1.74,7.3,0.5,304,162,425,1.8,0.171,0.138,1.96,NA,272,NA,27,1692,1991,4308,NA,1066,45574,50948,1660,17,1.14,40082,21,29.3,,
52,MICHIGAN,KENT LAKE,OAKLAND LIVINGSTON,2643,NATURAL,383.32,4.05,2,2.8,33,184,520,1.1,0.043,0.18,0.355,NA,3460,NA,NA,2961,6422,17918,NA,NA,72939,90857,4925,23,1.59,97887,NA,22.5,,
53,MICHIGAN,MACATAWA LAKE,NA,2648,NATURAL,463.61,7.2,3.7,3.9,77,132,480,0.6,0.159,0.068,1.28,NA,25098,NA,86,20522,45705,82417,NA,3197,372131,457746,12472,73,6.34,263977,42,63.5,,
54,MICHIGAN,MANISTEE LAKE,MANISTEE,2649,NATURAL,5319.86,3.76,NA,62.4,NA,151,580,1.2,0.024,0.012,0.2,NA,5923,NA,385,44934,51243,26472,NA,14494,1140247,1181212,42948,16,13.63,1464870,NA,314.2,,
55,MICHIGAN,MUSKEGON LAKE,MUSKEGON,2659,NATURAL,6822.05,16.79,7,60.7,23,131,340,1.6,0.065,0.048,0.34,NA,40562,NA,45,74544,115152,121673,NA,1646,1738363,1861682,113692,1,6.86,1788122,4,110.8,,
56,MICHIGAN,PENTWATER LAKE,OCEANA,2665,NATURAL,458.43,1.76,NA,6.5,NA,143,330,1.8,0.027,0.013,0.48,NA,2095,NA,27,6626,8748,9197,NA,971,309025,319193,7737,12,4.97,200676,37,181.3,,
57,MICHIGAN,PORTAGE LAKE,HOUGHTON,2669,NATURAL,2566.69,44.39,NA,31.9,NA,44,128,2.3,0.013,0.008,0.16,NA,11460,NA,141,30789,42390,28834,NA,5274,1001456,1035565,16086,62,0.95,812277,22,23.3,,
58,MICHIGAN,ROGERS POND,MECOSTA,2672,IMPOUNDMENT,4804.45,2.07,NA,39.5,NA,151,353,1.7,0.031,0.018,0.12,NA,8549,NA,50,44363,52961,52753,NA,1814,1219273,1273839,45642,14,25.61,1176902,8,616,,
59,MICHIGAN,ROSS RESERVOIR,GLAOVIN,2673,IMPOUNDMENT,1261.33,1.19,1.5,10.1,2,199,510,0.9,0.035,0.02,0.22,NA,3179,NA,NA,17070,20249,11610,NA,NA,423900,435510,17333,14,17.02,401347,8,366,,
60,MICHIGAN,SANFORD LAKE,MIDLAND,2674,IMPOUNDMENT,2698.78,5.06,3,18.6,9,143,420,1,0.018,0.01,0.16,NA,NA,NA,36,19791,19828,NA,NA,1279,713660,714939,20639,NA,3.92,711583,0,141.3,,
61,MICHIGAN,THORNAPPLE LAKE,BARRY,2683,NATURAL,932.4,1.66,4.3,7.4,11,250,588,1.4,0.045,0.028,0.475,NA,998,NA,27,14258,15283,3270,NA,1066,420816,425152,12068,21,9.23,375660,12,256.9,,
62,MICHIGAN,UNION LAKE,BRANCH,2685,NATURAL,1383.06,2.12,0.9,10.7,2,202,500,1.1,0.047,0.022,0.44,NA,1973,NA,18,17696,19687,5918,NA,649,644290,650857,17642,10,9.27,643692,1,306.3,,
63,MICHIGAN,WHITE LAKE,MUSKEGON,2688,NATURAL,1318.31,10.4,6.9,14.8,56,133,440,2.1,0.026,0.018,0.335,NA,2853,662,104,16961,20580,8553,31946,3995,413234,457728,15977,22,1.98,364050,20,44,,
64,MICHIGAN,MONA LAKE,MUSKEGON,2691,NATURAL,212.64,2.81,4,1.7,76,114,440,1.2,0.369,0.321,0.92,NA,13079,NA,41,13964,27084,39238,NA,1596,187905,228739,177,99,9.63,6875,97,81.3,,
65,MICHIGAN,LONG LAKE,ST JOSEPH,2692,NATURAL,193.99,0.85,5.2,1.6,31,186,460,2.1,0.133,0.117,0.51,NA,2984,NA,27,930,3941,8503,NA,1066,64576,74145,3578,9,4.62,79370,NA,86.8,,
66,MICHIGAN,ST LOUIS RESERVOIR,GRATIOT,2693,IMPOUNDMENT,805.49,0.64,NA,5.9,NA,196,945,0.9,0.286,0.88,1.31,NA,51052,NA,NA,20163,71215,65710,NA,NA,478740,544450,22336,69,111.38,544450,0,851.5,,
67,MICHIGAN,CRYSTAL LAKE,NA,2694,NATURAL,14.5,2.93,4.2,0.1,3.3,127,325,3,0.009,0.007,0.17,NA,NA,NA,32,172,204,NA,NA,1129,7515,8644,54,73,0.07,4907,43,3,,
68,MICHIGAN,HIGGINS LAKE,ROSCOMMON,2695,NATURAL,127.43,38.85,14.9,1.2,15.6,109,230,5.9,0.006,0.004,0.07,NA,NA,NA,290,739,1029,NA,NA,10943,45800,56744,308,70,0.03,26363,54,1.5,,
69,MICHIGAN,HOUGHTON LAKE,ROSCOMMON,2696,NATURAL,574.98,81.12,2.3,4.4,1.3,83,210,2,0.016,0.008,0.17,NA,1034,NA,508,3274,4816,38875,NA,19184,197170,255229,2331,52,0.06,97433,62,3.1,,
70,MICHIGAN,THOMPSON LAKE,LIVINGSTON,2697,NATURAL,30.82,1.06,2.7,0.2,152,170,480,2.3,0.041,0.025,0.44,NA,NA,NA,54,376,431,NA,NA,2023,11574,13596,526,NA,0.41,9433,31,12.8,,
71,MICHIGAN,PERE MARQUETTE,MASON,2698,NATURAL,2007.25,2.24,NA,19.2,NA,143,430,1.3,0.03,0.019,0.27,NA,12630,NA,NA,22449,35079,50503,NA,NA,523878,574381,32263,8,15.65,709351,NA,256.2,,
72,MICHIGAN,STRAWBERRY LAKE,LIVINGSTONE,2699,NATURAL,914.27,1.04,6.7,6.2,13,188,488,2,0.068,0.049,0.53,NA,1524,NA,59,7973,9556,13379,NA,2240,218245,233864,7447,22,9.19,203932,13,224.9,,
73,MINNESOTA,LAKE WINONA,DOUGLAS,27A1,NATURAL,7.51,0.78,1.3,0,1.5,139,343,0.5,0.107,0.022,0.24,NA,1247,NA,9,27,1283,4014,NA,372,1283,5669,54,96,1.65,816,86,7.3,,
74,MINNESOTA,WOLF LAKE,BELTRAMI HUBBARD,27A2,NATURAL,1771.56,4.25,8.5,11.5,37,145,280,1.2,0.05,0.023,0.15,NA,13483,NA,36,13832,27351,47624,NA,1270,207741,256635,23941,12,6.43,332599,NA,60.3,,
75,MINNESOTA,WOODCOCK LAKE,KANDIYOHI,27A3,NATURAL,NA,0.51,0.8,NA,NA,238,470,0.4,1,0.67,0.55,NA,NA,NA,NA,NA,NA,NA,NA,NA,NA,NA,NA,NA,NA,NA,NA,NA,,
76,MINNESOTA,LAKE PEPIN,GOODHUE WABASHA (MN) PIERCE PEPIN (WI),27A4,IMPOUNDMENT,146593.94,101.17,5.1,659.5,9,151,438,0.8,0.185,0.14,1.09,NA,1292879,3678,NA,2182213,3478770,4496113,5152,NA,42924576,47425840,3085138,11,34.38,50511360,NA,468.8,,
77,MINNESOTA,ZUMBRO LAKE,OLMSTED WABSHA,27A5,IMPOUNDMENT,2206.68,2.47,5.5,8.6,18,203,570,1.5,0.401,0.33,2.515,NA,170027,NA,63,35583,205673,234218,NA,2404,1167381,1404002,114748,44,83.16,1327709,5,567.9,,
78,MINNESOTA,SPRING LAKE,DAKOTA WASHINGTON,27A6,IMPOUNDMENT,96347.94,23.92,2.4,287.1,2.5,179,490,0.5,0.24,0.156,1.41,NA,1265514,NA,NA,1297092,2562606,4249809,NA,NA,26355072,30604880,2489161,3,107.14,34069808,NA,1279.6,,
79,MINNESOTA,LAKE ST CROIX,WASHINGTON,27A7,IMPOUNDMENT,19942.99,33.22,8.8,144.2,23,71,143,1.1,0.055,0.036,0.35,NA,34227,NA,263,260857,295347,120172,NA,9891,5562981,5693044,199152,33,8.89,5623392,1,171.4,,
80,MINNESOTA,BUDD LAKE,MARTIN,27A8,NATURAL,98.94,0.9,3.5,0.3,125,141,430,0.8,0.192,0.153,0.645,NA,NA,NA,23,1506,1528,NA,NA,821,35646,36467,1392,9,1.7,30562,16,40.6,,
81,MINNESOTA,FOREST LAKE,WASHINGTON,27A9,NATURAL,47.14,9.11,3.4,0.2,5.7,125,270,1.9,0.021,0.01,0.14,NA,NA,NA,63,952,1016,NA,NA,2449,25778,28227,3465,NA,0.11,24744,12,3.1,,
82,MINNESOTA,WHITE BEAR LAKE,RAMSEY WASHINGTON,27B0,NATURAL,NA,10.76,6.9,NA,NA,111,255,3.5,0.014,0.008,0.1,NA,NA,NA,NA,NA,NA,NA,NA,NA,NA,NA,NA,NA,NA,NA,NA,NA,,
83,MINNESOTA,WAGONGA LAKE,KANDIYOHI,27B1,NATURAL,66.04,6.54,1.3,0.2,1.4,220,800,0.3,1,0.71,0.48,NA,24499,NA,NA,1646,26145,87642,NA,NA,17193,104834,11197,57,4,34839,67,16,,
84,MINNESOTA,GREEN LAKE,KANDIYOHI,27B2,NATURAL,357.42,21.88,6.4,1.2,3.7,173,340,2.8,0.015,0.009,0.14,NA,844,NA,195,998,2036,4390,NA,7320,73574,85283,662,67,0.09,38912,54,3.9,,
85,MINNESOTA,NEST LAKE,KANDIYOHI,27B3,NATURAL,318.57,3.82,4.6,1.1,190,190,348,1.4,0.04,0.022,0.1,NA,1751,NA,NA,1283,3034,4730,NA,NA,58041,62771,1329,56,0.79,52821,16,16.4,,
86,MINNESOTA,LAKE DARLING,DOUGLAS,27B4,NATURAL,453.25,3.86,6.2,0.9,318,202,400,2.6,0.017,0.009,0.19,NA,NA,NA,NA,730,730,NA,NA,NA,35288,35288,526,28,0.19,32925,7,9.1,,
87,MINNESOTA,LAKE LE HOMME DIEU,DOUGLAS,27B5,NATURAL,109.56,7.06,6.4,0.2,7.9,167,305,2.3,0.019,0.01,0.175,NA,340,NA,104,336,780,1265,NA,3955,16077,21297,168,78,0.11,8100,62,3,,
88,MINNESOTA,LAKE CALHOUN,HENNEPIN,27B6,NATURAL,NA,1.68,10.6,NA,NA,118,470,1.8,0.07,0.036,0.605,NA,NA,NA,NA,NA,NA,NA,NA,NA,NA,NA,NA,NA,NA,NA,NA,NA,,
89,MINNESOTA,WALLMARK,CHICAGO,27B7,NATURAL,NA,0.47,NA,NA,NA,96,313,0.3,3.66,3.58,0.71,NA,NA,NA,NA,NA,NA,NA,NA,NA,NA,NA,NA,NA,NA,NA,NA,NA,,
90,MINNESOTA,LOST LAKE,ST LOUIS,27B8,NATURAL,NA,0.31,3,NA,NA,90,230,0.8,0.346,0.168,0.3,NA,NA,NA,NA,NA,NA,NA,NA,NA,NA,NA,NA,NA,NA,NA,NA,NA,,
91,MINNESOTA,LAKE CARLOS,DOUGLAS,27B9,NATURAL,606.06,10.2,13.1,1.1,3.7,90,230,2.8,0.346,0.168,0.3,NA,68,NA,426,912,1406,431,NA,13787,53746,67964,617,56,0.14,37764,44,6.7,,
92,MINNESOTA,LAKE ANDROSIA,BELTRAMI,27C0,NATURAL,1895.88,6.11,7.9,11.9,47,139,265,1.4,0.025,0.01,0.14,NA,11864,NA,36,12649,24549,47624,NA,1351,312272,361247,15546,37,4.02,319011,12,59.1,,
93,MINNESOTA,LAKE BEMIDJI,BELTRAMI,27C1,NATURAL,1631.7,25.98,9.8,10.9,268,157,300,2.2,0.036,0.021,0.09,NA,NA,NA,86,11388,11474,NA,NA,3311,344680,347991,7388,36,0.44,260993,25,13.4,,
94,MINNESOTA,MUD LAKE,ITASCA,27C2,NATURAL,3.11,0.23,1.3,0,243,117,315,0.2,0.408,0.251,0.815,NA,1111,NA,NA,14,1125,2807,NA,NA,662,3469,59,95,4.96,680,80,15.3,,
95,MINNESOTA,ALBERT LEA LAKE,FREEBORN,2702,NATURAL,381.77,9.93,1.1,1.7,73,184,680,0.2,0.958,0.685,0.84,NA,52254,395,14,9927,62590,178268,2639,512,425773,607193,44562,29,6.3,384880,37,61.2,,
96,MINNESOTA,BADGER LAKE,POLK,2704,NATURAL,88.53,1.43,1.2,0.2,108,160,460,2,0.022,0.013,0.13,NA,649,NA,NA,259,907,1941,NA,NA,13202,15143,948,NA,0.63,15098,0,10.6,,
97,MINNESOTA,BARTLETT LAKE,KOOCHICHING,2705,NATURAL,8.81,1.23,2.6,0.1,1.9,113,248,0.5,0.136,0.028,0.355,NA,399,NA,NA,59,458,1193,NA,NA,2971,4163,195,57,0.37,3383,19,3.4,,
98,MINNESOTA,BEAR LAKE,FREEBORN,2706,NATURAL,NA,5.56,0.7,NA,NA,121,420,0.7,0.176,0.048,0.49,NA,NA,NA,NA,NA,NA,NA,NA,NA,NA,NA,NA,NA,NA,NA,NA,NA,,
99,MINNESOTA,BIG LAKE,STEARNS,2708,NATURAL,NA,1.63,3.6,NA,NA,164,343,1.8,0.022,0.012,0.14,NA,NA,NA,NA,NA,NA,NA,NA,NA,NA,NA,NA,NA,NA,NA,NA,NA,,
100,MINNESOTA,BIG STONE,BIG STONE (MN); ROBERTS GRANT (SD),2709,NATURAL,3004.4,51.03,3.4,3.3,1.7,131,800,1,0.159,0.126,0.335,NA,7696,23,213,8014,15946,22599,NA,8036,188812,219447,15846,1,0.31,214068,2,4.3,,
101,MINNESOTA,BIRCH LAKE,CASS,2710,NATURAL,NA,5.19,3,NA,NA,106,210,2.4,0.019,0.009,0.09,NA,NA,NA,NA,NA,NA,NA,NA,NA,NA,NA,NA,NA,NA,NA,NA,NA,,
102,MINNESOTA,BLACKDUCK LAKE,BELTRAMI,2711,NATURAL,75.11,11.1,4.5,0.4,4.2,128,243,1.7,0.038,0.019,0.195,NA,676,NA,NA,916,1592,2023,NA,NA,27329,29351,717,55,0.14,16091,45,2.6,,
103,MINNESOTA,BLACKHOOF LAKE,CROW WING,2712,NATURAL,20.72,0.74,4.4,0.1,257,103,230,1.6,0.043,0.024,0.185,NA,639,NA,9,254,902,1914,NA,268,6522,8703,141,84,1.22,5075,42,11.8,,
104,MINNESOTA,BUFFALO LAKE,WRIGHT,2713,NATURAL,113.96,6.11,4.4,0.6,1.4,167,395,1,0.209,0.16,0.795,NA,4821,NA,23,1129,5973,10086,NA,853,18000,28939,3950,34,0.98,51429,NA,4.7,,
105,MINNESOTA,CARRIGAN LAKE,WRIGHT,2714,NATURAL,NA,0.66,NA,NA,NA,185,590,0.3,1.215,0.785,0.29,NA,NA,NA,NA,NA,NA,NA,NA,NA,NA,NA,NA,NA,NA,NA,NA,NA,,
106,MINNESOTA,CASS LAKE,BELTRAMI CASS,2715,NATURAL,2926.7,63.12,7.6,17.8,313,140,280,1.9,0.02,0.009,0.14,NA,8966,NA,NA,13261,22227,46390,NA,NA,505968,552358,8118,63,0.35,450798,18,8.8,,
107,MINNESOTA,CLEARWATER LAKE,WRIGHT STEARNS,2716,NATURAL,450.66,12.88,5.2,1.5,1.4,153,358,1.6,0.028,0.014,0.145,NA,3138,NA,59,5433,8630,9152,NA,2227,95782,107161,2036,76,0.67,59188,45,8.3,,
108,MINNESOTA,COKATO LAKE,WRIGHT,2719,NATURAL,116.55,2.2,7.6,0.5,413,225,543,1.9,0.231,0.218,1.075,NA,1551,NA,9,4159,5719,5497,NA,372,54367,60236,3202,44,2.6,40304,33,27.4,,
109,MINNESOTA,CRANBERRY LAKE,CROW WING,2720,NATURAL,NA,0.08,NA,NA,NA,42,110,1.2,0.027,0.017,0.19,NA,NA,NA,NA,NA,NA,NA,NA,NA,NA,NA,NA,NA,NA,NA,NA,NA,,
110,MINNESOTA,ELBOW LAKE,ST LOUIS,2725,NATURAL,16.32,0.69,3.1,0.1,296,88,278,1.9,1.38,1.26,0.48,NA,5351,NA,NA,95,5447,16059,NA,NA,4163,20222,1828,66,7.87,6295,69,29.2,,
111,MINNESOTA,EMBARRASS LAKE,ST LOUIS,2728,NATURAL,389.54,2.05,2.6,2.8,22,37,130,1,0.025,0.013,0.2,NA,1683,NA,9,1810,3501,5043,NA,376,104068,109487,3587,NA,1.71,82195,25,53.4,,
112,MINNESOTA,FALL LAKE,LAKE,2730,NATURAL,NA,8.79,4,NA,NA,14,50,1.6,0.02,0.011,0.12,NA,NA,NA,NA,NA,NA,NA,NA,NA,NA,NA,NA,NA,NA,NA,NA,NA,,
113,MINNESOTA,GULL LAKE,CASS CROW WING,2737,NATURAL,766.64,38.61,9.1,3.8,2.9,106,208,2.3,0.022,0.011,0.15,NA,NA,NA,150,3519,3669,NA,NA,5701,136263,141963,2290,38,0.1,87560,38,3.7,,
114,MINNESOTA,HERON LAKE,JACKSON,2739,NATURAL,1222.48,33.39,0.9,2.6,135,128,908,0.3,0.302,0.154,0.135,NA,14082,NA,NA,20535,34617,42254,NA,NA,512054,554308,22426,35,1.04,341787,38,16.6,,
115,MINNESOTA,LEECH LAKE,CASS,2746,NATURAL,2693.6,453.26,4.7,13.1,5.2,132,260,2.2,0.015,0.009,0.13,NA,1751,NA,5,16209,17964,5261,NA,181,1071065,1076507,8222,54,0.04,525170,51,2.4,,
116,MINNESOTA,LILY LAKE,BLUE EARTH,2747,NATURAL,112.92,0.57,0.9,0.3,20,184,533,0.3,0.607,0.297,0.235,NA,2036,NA,NA,1746,3782,6821,NA,NA,87179,94000,5651,NA,6.58,98943,NA,163.6,,
117,MINNESOTA,LITTLE LAKE,GRANT,2748,NATURAL,NA,0.28,NA,NA,NA,200,790,1.1,0.93,0.765,0.2,NA,NA,NA,NA,NA,NA,NA,NA,NA,NA,NA,NA,NA,NA,NA,NA,NA,,
118,MINNESOTA,MADISON LAKE,BLUE EARTH,2750,NATURAL,61.64,4.5,4,0.2,3.3,131,305,0.9,0.05,0.02,0.68,NA,NA,45,667,889,1601,NA,63,1995,48218,50277,385,76,0.36,19351,62,11.2,,
119,MINNESOTA,MALMEUAL LAKE,POPE,2752,NATURAL,21.5,0.79,1.8,0,1.3,180,563,0.4,0.125,0.03,0.395,NA,136,NA,NA,82,218,422,NA,NA,3429,3850,544,NA,0.28,3333,13,4.9,,
120,MINNESOTA,MASHKENODE LAKE,ST LOUIS,2756,NATURAL,45.58,0.41,2.1,0.3,40,101,300,1,0.075,0.022,0.145,NA,1932,NA,NA,268,2200,5787,NA,NA,10313,16100,567,74,5.38,7066,56,39.4,,
121,MINNESOTA,MCQUADE LAKE,ST LOUIS,2757,NATURAL,64.23,0.66,2.7,0.4,57,60,145,1.4,0.04,0.02,0.13,NA,367,NA,NA,426,794,1107,NA,NA,23088,24195,562,29,1.2,21206,12,36.5,,
122,MINNESOTA,LAKE MINNETONKA,HENNEPIN,2760,NATURAL,NA,58.56,6.9,NA,15,130,360,1.4,0.047,0.018,0.26,NA,NA,NA,NA,NA,NA,NA,NA,NA,NA,NA,NA,NA,NA,NA,NA,NA,,
123,MINNESOTA,LAKE MINNEWASKA,POPE,2761,NATURAL,227.92,28.77,6,0.4,12.7,220,640,1.7,0.035,0.017,0.14,NA,2930,NA,177,1129,4236,8789,NA,6571,50984,66345,426,90,0.15,14181,79,2.3,,
124,MINNESOTA,PELICAN LAKE,ST LOUIS,2765,NATURAL,179.49,44.29,2.4,1,3.3,35,89,1.7,0.032,0.011,0.15,NA,358,NA,73,2086,2517,1070,NA,2780,82417,86268,1347,46,0.06,34277,60,1.9,,
125,MINNESOTA,RABBIT LAKE,CROW WING,2771,NATURAL,NA,2.15,7.2,NA,NA,106,280,2.7,0.028,0.012,0.1,NA,NA,NA,NA,NA,NA,NA,NA,NA,NA,NA,NA,NA,NA,NA,NA,NA,,
126,MINNESOTA,ST LOUIS BAY,"ST LOUIS (MN); DOUGLAS, (WI)",2776,NATURAL,9564.09,9.79,3.4,67.9,6,39,160,0.4,0.216,0.161,0.82,NA,156349,NA,NA,162122,318472,543528,NA,NA,2953785,3497313,226553,29,32.53,3467383,1,357.2,,
127,MINNESOTA,SILVER LAKE,MCLEOD,2782,NATURAL,5.7,1.71,1.2,0,2.3,186,480,0.3,0.6,0.31,0.36,NA,789,NA,NA,118,907,2358,NA,NA,3837,6195,662,27,0.53,4240,32,3.6,,
128,MINNESOTA,SIX MILE LAKE,ST LOUIS,2783,NATURAL,38.33,0.34,1.9,0.2,36,127,320,0.9,0.235,0.151,0.095,NA,1533,NA,NA,195,1728,4594,NA,NA,8707,13302,766,56,5.08,15256,NA,39.1,,
129,MINNESOTA,SUPERIOR BAY,ST LOUIS (MN; DOUGLAS (H1,2786,NATURAL,10828.52,14.69,3.8,82.6,8,44,130,0.6,0.079,0.044,0.44,NA,148399,NA,NA,204653,353052,649497,NA,NA,3552790,4202286,144259,59,24.03,2890381,31,286.1,,
130,MINNESOTA,SWAN LAKE,ITASCA,2788,NATURAL,293.45,10.58,12.1,1.7,2.4,79,190,2.9,0.013,0.009,0.08,NA,3193,NA,95,1687,4975,9741,NA,3624,67710,81075,1052,79,0.47,33565,59,7.7,,
131,MINNESOTA,TRACE LAKE,TODD,2792,NATURAL,4.14,1.12,NA,0,NA,206,420,1.1,1.13,0.088,1.08,NA,367,NA,NA,50,417,1107,NA,NA,2005,3111,91,78,0.37,780,75,2.8,,
132,MINNESOTA,TROUT LAKE,ITASCA,2793,NATURAL,41.96,7.65,15.2,0.2,17.4,119,320,2.8,0.05,0.04,0.08,NA,2204,NA,9,290,2503,6612,NA,331,14608,21551,200,92,0.33,6168,71,2.8,,
133,NEW HAMPSHIRE,POWDER MILL POND,HILLSBOROUGH,3302,IMPOUNDMENT,372.96,1.51,2.5,6.7,6.5,10,65,1.2,0.033,0.016,0.17,NA,2540,NA,5,2141,4685,11247,NA,213,79197,90657,4413,6,3.11,88417,2,60.2,,
134,NEW HAMPSHIRE,LAKE WINNIPESAUKEE,"BELKNAP, CARROL",3303,NATURAL,940.17,180.44,13.1,18.2,4,10,51,5.6,0.006,0.004,0.06,NA,10005,NA,1710,10603,22317,37420,NA,36313,413523,487256,5179,77,0.12,135778,72,2.7,,
136,NEW HAMPSHIRE,KELLYS FALLS POND,HILLSBOROUGH,3305,IMPOUNDMENT,564.62,0.52,2.3,8.9,1.5,10,65,1.8,0.024,0.015,0.31,NA,3229,NA,63,11728,15020,9855,NA,2449,140476,152780,10122,33,28.77,178862,NA,292.6,,
137,NEW HAMPSHIRE,GLEN LAKE,HILLSBOROUGH,3306,IMPOUNDMENT,523.18,0.61,3.4,8.3,3,10,75,1.7,0.028,0.015,0.135,NA,4032,NA,36,3955,8023,11646,NA,1333,147714,160694,5469,32,13.13,115370,28,263,,
138,NEW YORK,BLACK LAKE,ST LAWRENCE,3602,NATURAL,1445.22,33.8,NA,27,NA,56,128,1.9,0.03,0.017,0.08,NA,NA,NA,NA,54200,54200,NA,NA,NA,962689,962689,41596,23,1.6,928122,4,28.5,,
139,NEW YORK,CANADIAGUA,"ONTARIO, YATES",3604,NATURAL,476.56,42.99,39,3.6,15,111,310,4.5,0.009,0.005,0.38,NA,2481,NA,299,3261,6041,9669,NA,4485,144671,158825,2100,65,0.14,79166,50,3.7,,
140,NEW YORK,CANNONSVILLE RESERVOIR,DELAWARE,3605,IMPOUNDMENT,1175.86,19.43,19.2,20.6,210,10,65,1.8,0.046,0.022,0.61,NA,NA,NA,NA,82780,82780,NA,NA,NA,851211,851211,24218,71,4.26,650989,24,43.3,,
141,NEW YORK,CARRY FALLS RESERVOIR,ST LAWRENCE,3606,NATURAL,2261.07,26.14,5.4,42.9,38,10,50,2.3,0.01,0.006,0.3,NA,NA,NA,5,18635,18639,NA,NA,159,1192525,1192683,13456,28,0.71,1376843,NA,45.6,,
142,NEW YORK,CASSADAGA LAKE,CHAUTAUOUA,3607,NATURAL,15.54,0.85,NA,0.3,6,82,200,2.6,0.026,0.011,0.42,NA,454,NA,5,222,680,1361,NA,127,11882,13370,254,63,0.8,10875,19,15.7,,
143,NEW YORK,CAYUGA LAKE,CAYUGAQSENECA9 TOMPKINS,3608,NATURAL,2033.15,171.98,54.6,26.4,11.2,105,500,2.8,0.014,0.008,0.78,NA,37075,NA,336,46676,84086,175179,NA,12721,1186815,1374715,40399,52,0.49,1069310,22,8,,
144,NEW YORK,CHAUTAUQUA,CHAUTAUOUA,3610,NATURAL,489.51,57.2,6.9,9.2,1.4,49,150,2,0.028,0.013,0.09,NA,8213,NA,204,7156,15574,35029,NA,7642,263551,306222,18150,NA,0.27,344422,NA,5.4,,
145,NEW YORK,CROSS LAKE,CAYUGAONONDAGA,3611,NATURAL,8031.59,8.81,5.5,85.4,7,129,650,1.3,0.076,0.042,0.485,NA,59048,NA,45,236127,295220,304005,NA,1633,4123799,4429436,223376,23,33.52,3967274,10,503,,
146,NEW YORK,GOODYEAR LAKE,OTSEGO,3613,NATURAL,906.5,1.48,NA,15.6,NA,96,230,1.4,0.026,0.009,0.24,NA,3673,NA,50,18381,22104,13379,NA,1927,504295,519601,16127,27,14.96,563120,NA,351.8,,
147,NEW YORK,LAKE HUNTINGTON,SULLIVAN,3615,NATURAL,1.81,0.34,NA,0,0.5,14,80,3.5,0.015,0.01,0.26,NA,NA,NA,5,32,36,NA,NA,236,1179,1415,18,50,0.11,685,52,4.2,,
148,NEW YORK,KEUKA LAKE,YATES STEUBEN,3617,NATURAL,471.38,47.4,22.6,4.3,7.8,74,241,3.6,0.008,0.005,0.305,NA,NA,NA,744,4195,4939,NA,NA,27991,179533,207524,2345,53,0.1,104576,50,4.4,,
149,NEW YORK,LONG LAKE,HAMILTON,3619,NATURAL,1219.89,16.55,NA,26.6,NA,10,50,2.9,0.008,0.005,0.22,NA,NA,NA,91,7347,7438,NA,NA,3370,667601,670970,8889,NA,0.45,644943,4,40.5,,
150,NEW YORK,OTTER LAKE,CAYUGA,3625,NATURAL,7.51,1.14,NA,0.1,NA,122,270,1.1,0.043,0.011,0.24,NA,NA,NA,NA,77,77,NA,NA,NA,7410,7410,177,NA,0.07,6399,14,6.5,,
151,NEW YORK,OWASCO,CAYUGA,3627,NATURAL,NA,26.68,29.3,NA,NA,107,280,2.7,0.009,0.005,0.94,NA,NA,NA,NA,NA,NA,NA,NA,NA,NA,NA,NA,NA,NA,NA,NA,NA,,
152,NEW YORK,ROUND LAKE,SARATOGA,3630,NATURAL,69.93,1.3,NA,1.1,NA,76,260,1.2,0.076,0.025,0.31,NA,1007,NA,NA,5751,6757,3016,NA,NA,44435,47451,5560,18,5.22,82390,NA,36.6,,
153,NEW YORK,SACANDAGA RESERVOIR,FULTON SARATOGA,3632,NATURAL,2703.96,122,7.6,64.7,166,10,50,3.5,0.009,0.006,0.27,NA,567,NA,150,21156,21873,1701,NA,5605,1682890,1690196,16077,26,0.18,1741714,NA,13.9,,
154,NEW YORK,SARATOGA LAKE,SARATOGA,3633,NATURAL,631.96,16.32,7.9,10,150,72,232,2.5,0.025,0.016,0.145,NA,13206,NA,86,12794,26086,69075,NA,3166,286190,358431,12168,53,1.6,276367,23,22,,
155,NEW YORK,SCHROON,"ESSEX, WARREN",3634,NATURAL,1118.88,16.71,14.3,18.1,153,10,59,3.7,0.004,0.003,0.16,NA,NA,NA,195,6345,6540,NA,NA,7324,607156,614481,14644,NA,0.39,732626,NA,36.8,,
156,NEW YORK,SENECA LAKE,SCHUYLER,3635,NATURAL,1823.36,175.35,88.7,14.6,33.7,93,790,4,0.01,0.006,0.38,NA,45442,NA,3034,18526,67002,179370,NA,10077,821397,1010843,13424,80,0.38,520168,49,5.8,,
157,NEW YORK,SWAN LAKE,SULLIVAN,3636,NATURAL,38.85,1.34,NA,0.8,NA,16,72,1.7,0.042,0.014,0.125,NA,363,NA,5,1025,1392,1088,NA,109,28617,29814,907,35,1.04,22698,24,22.2,,
158,NEW YORK,SWINGING BRIDGE RES,SULLIVAN,3637,IMPOUNDMENT,382.54,3.47,13.4,5.9,92,10,75,1.3,0.057,0.02,0.52,NA,19710,NA,27,4803,24540,68939,NA,1066,279605,349610,10181,59,7.07,278957,20,100.7,,
159,NEW YORK,CONESUS LAKE,LIVINGSTON,3639,NATURAL,180.52,12.89,8.9,2.2,1.7,116,340,3.2,0.02,0.013,0.1,NA,NA,NA,336,4590,4925,NA,NA,12630,120789,133419,2109,57,0.38,73741,45,10.4,,
160,NEW YORK,LOWER ST REGIS,FRANKLIN,3640,NATURAL,54.91,1.87,5.1,1,110,10,50,1.2,0.017,0.008,0.21,NA,95,NA,9,658,762,3401,NA,317,30104,33823,680,11,0.41,26558,21,18.1,,
161,RHODE ISLAND,SLATERSVILLE RESERVOIR,PROVIDENCE,4402,IMPOUNDMENT,232.32,0.84,2.4,4.4,5,10,91,1.3,0.032,0.011,0.205,NA,757,NA,18,3923,4698,1510,NA,639,88277,90426,3919,17,5.61,88862,2,107.9,,
162,RHODE ISLAND,TURNER RESERVOIR,PROVIDENCE,4403,IMPOUNDMENT,138.56,0.49,1.5,2.6,3.3,27,260,0.8,0.85,0.635,2.3,NA,30132,45370,NA,5011,80512,98494,37415,NA,86199,222109,53451,34,163.07,214889,3,449.9,,
163,VERMONT,LAKE CHAMPLAIN,VT AND NY AREA,5001,NATURAL,21186.19,1130.3,19.4,313,2.6,46,142,2.3,0.018,0.01,0.19,0.125,152073,152073,NA,419587,571660,1180751,1190751,NA,11938704,13119455,296018,0.48,0.51,9837656,0.25,11.61,,
164,VERMONT,CLYDE POND,ORLEANS,5002,IMPOUNDMENT,362.6,0.57,3.4,6,3.6,54,145,1.7,0.021,0.006,0.175,NA,875,NA,14,3823,4712,2984,NA,853,156998,160834,3995,15,8.32,174549,NA,283.9,,
165,VERMONT,HARRIMAN RESERVOIR,WINDHAM,5005,IMPOUNDMENT,486.4,8.84,10.4,13.6,78,10,50,2.8,0.009,0.007,0.27,NA,2041,NA,259,5492,7791,5478,NA,9905,359433,374816,6444,17,0.88,311474,17,42.4,,
166,VERMONT,LAKE LAMOILLE,LAMOILLE,5007,IMPOUNDMENT,694.12,0.62,1.7,12.4,1,46,140,1.5,0.018,0.01,0.26,NA,4553,NA,NA,11052,15605,14789,NA,NA,304263,319052,12422,20,25.2,302526,5,515.3,,
167,VERMONT,LAKE MEMPHREMAGOG,ORLEANS,5008,NATURAL,1779.33,94.57,15.5,27.3,1.7,56,160,2,0.021,0.008,0.145,NA,19995,NA,172,27551,47719,55800,NA,6395,992345,1054539,27515,42,0.5,NA,NA,11.2,,
168,VERMONT,ARROWHEAD MOUNTAIN LAKE,CHITTENDEN FRANKLIN,5010,IMPOUNDMENT,1815.59,3.34,3.1,34.4,3.5,36,108,1.6,0.015,0.009,0.23,NA,7415,3800,5,26408,37628,24989,5320,172,1063485,1093965,27433,27,11.26,1123737,NA,327.3,,
169,VERMONT,WATERBURY RESERVOIR,"WASHINGTON, LAMOILLE",5011,IMPOUNDMENT,290.08,3.6,12.7,6.4,83,14,70,2.4,0.007,0.004,0.23,NA,1905,NA,NA,2921,4825,5116,NA,NA,168018,173134,3678,24,1.34,156073,10,48.1,,
170,WISCONSIN,ALTOONA LAKE,EAU CLAIRE,5502,NATURAL,2108.26,3.4,2.1,16.1,5,26,82,0.7,0.092,0.04,0.46,NA,952,NA,36,66667,67655,3578,NA,1279,732671,737528,73066,NA,19.9,839556,NA,217,,
171,WISCONSIN,BEAVER DAH,BARRON,5503,NATURAL,NA,4.5,9.8,NA,NA,55,140,0.9,0.381,0.168,0.13,NA,NA,NA,NA,NA,NA,NA,NA,NA,NA,NA,NA,NA,NA,NA,NA,NA,,
172,WISCONSIN,LAKE BUTTE DES MORTS,WINNEBAGO,5508,NATURAL,14452.2,35.84,1.8,117,6,138,270,0.6,0.076,0.027,0.24,NA,4476,NA,209,339877,344562,13433,NA,7887,6474034,6495353,367923,NA,9.61,6532490,NA,181.2,,
174,WISCONSIN,BUTTERNUT LAKE,PRICE ASHLAND,5509,NATURAL,118.62,4.07,4.3,1.4,146,26,95,1,0.073,0.055,0.3,NA,893,NA,73,1637,2603,2848,NA,2667,50454,55968,2512,3,0.64,53478,4,13.7,,
175,WISCONSIN,CASTLE ROCK FLOWAGE,JUNEAU ADAMS,5510,IMPOUNDMENT,NA,67.34,3.2,NA,13,32,143,0.8,0.062,0.039,0.41,NA,NA,NA,NA,NA,NA,NA,NA,NA,NA,NA,NA,NA,NA,NA,NA,NA,,
176,WISCONSIN,DELAVAN LAKE,WALWORTH,5513,NATURAL,105.15,7.18,7.6,0.6,2.8,165,470,1.3,0.141,0.126,0.287,NA,6063,NA,172,1773,8009,18209,NA,6395,35556,60159,3587,55,1.12,56594,6,8.4,,
177,WISCONSIN,EAU CLAIRE LAKE,EAU CLAIRE,5515,IMPOUNDMENT,1541.05,4.52,2.3,12.3,10,26,83,0.8,0.089,0.038,0.5,NA,5274,NA,32,35578,40884,16939,NA,1102,524199,542240,41760,NA,9.04,511896,6,119.8,,
178,WISCONSIN,GREEN LAKE,GREEN LAKE,5519,NATURAL,303.03,29.73,31.7,1.4,21,178,390,5.8,0.028,0.023,0.2,NA,3351,NA,209,3864,7424,16980,NA,7800,145932,170712,4041,46,0.25,47782,72,5.7,,
179,WISCONSIN,KEGONSA LAKE,DANE,5520,NATURAL,994.56,10.99,5.2,4.9,136,173,390,1.1,0.115,0.078,0.255,NA,544,NA,122,19710,20376,1633,NA,4494,300907,307034,19710,3,1.85,211166,31,27.9,,
180,WISCONSIN,KOSHKONONG LAKE,JEFFERSON,5522,IMPOUNDMENT,6475,42.41,1.6,33.8,24,244,585,0.5,0.361,0.215,0.714,NA,66943,NA,113,351428,418485,167501,NA,4308,2884006,3055815,330517,21,9.87,2796993,8,72.1,,
181,WISCONSIN,NAGAWICKA LAKE,WAUKESHA,5531,NATURAL,115.51,4.15,9.9,0.8,1.5,2210,5210,19.3,0.124,0.113,0.58,NA,3134,NA,168,2213,5515,9397,NA,6100,84617,100113,2381,57,1.33,42581,57,24.1,,
182,WISCONSIN,OCONOMOWOC,WAUKESHA,5532,NATURAL,229.99,3.18,9.6,1.7,209,193,450,2.9,0.012,0.007,0.25,NA,NA,NA,NA,NA,NA,NA,NA,NA,NA,NA,NA,NA,NA,NA,NA,NA,,
183,WISCONSIN,PENTWELL FLOWAGE,"JUNEAU, ADAMS, WOOD",5534,IMPOUNDMENT,NA,93.24,6,NA,47,30,143,0.7,0.064,0.051,0.41,NA,NA,NA,NA,NA,NA,NA,NA,NA,NA,NA,NA,NA,NA,NA,NA,NA,,
184,WISCONSIN,PINE LAKE,WAUKESHA,5536,NATURAL,NA,2.85,11.8,NA,NA,144,305,1.8,0.028,0.014,0.06,NA,NA,NA,NA,NA,NA,NA,NA,NA,NA,NA,NA,NA,NA,NA,NA,NA,,
185,WISCONSIN,LAKE POYGAN,"WINNEBAGO, WAUSHARA",5538,NATURAL,10101,44.48,2.1,84.2,13,137,303,0.5,0.074,0.026,0.28,NA,1973,NA,77,244830,246880,7438,NA,2875,4180737,4191049,239152,3,5.55,4203310,NA,94.2,,
186,WISCONSIN,SHAWANO LAKE,SHAWANO,5539,NATURAL,193.99,24.91,3.2,1.7,1.5,104,223,2.1,0.02,0.008,0.13,NA,NA,NA,113,1696,1810,NA,NA,4263,75465,79728,1388,23,0.07,58912,26,3.2,,
187,WISCONSIN,SINISSIPPI LAKE,DODGE,5541,IMPOUNDMENT,986.79,9.31,1.4,4.6,33,246,560,0.2,0.404,0.188,0.3,NA,6494,NA,59,52580,59134,19478,NA,2132,555905,577515,58449,1,6.35,578966,NA,62,,
188,WISCONSIN,SWAN LAKE,COLUMBIA,5545,NATURAL,175.08,1.64,9.7,1,178,188,405,2,0.141,0.134,0.85,NA,1710,NA,18,2839,4567,5125,NA,639,59088,64853,5397,NA,2.78,57478,11,39.5,,
189,WISCONSIN,TAINTER LAKE,DUNN,5546,NATURAL,4351.2,6.85,4.1,32,10,73,175,1.4,0.111,0.081,0.64,NA,1102,NA,59,137841,139002,3311,NA,2204,1577635,1583149,121655,12,20.3,1573650,1,231.2,,
190,WISCONSIN,TOWNLINE LAKE,ONEIDA,5548,NATURAL,12.17,0.61,3.8,0.1,253,27,97,0.8,0.078,0.042,0.305,NA,454,NA,27,367,848,1361,NA,993,3361,5714,404,52,1.4,5188,9,9.4,,
191,WISCONSIN,WAPOGASSET LAKE,POLK,5550,NATURAL,256.67,4.8,5.3,1.5,194,92,195,1.8,0.043,0.015,0.205,NA,735,NA,77,2603,3415,2204,NA,2844,48145,53193,1941,43,0.71,52993,0,11.1,,
192,WISCONSIN,WAUSAU LAKE,MARATHON,5551,IMPOUNDMENT,10360,7.76,2.2,100.4,2,21,88,0.7,0.059,0.033,0.385,NA,52526,NA,36,167896,220458,294576,NA,1302,3270742,3566619,360168,NA,28.4,4499877,NA,459.5,,
193,WISCONSIN,LAKE WINNEBAGO,"WINNEBAGO, FOND DU LAC, CALUMET",5554,NATURAL,15617.69,557.3,4,122.3,210,134,303,0.6,0.116,0.074,0.27,NA,108399,NA,376,412748,521524,632381,NA,5655,7732369,8370405,543497,NA,0.94,6918975,17,15,,
194,WISCONSIN,WISCONSON LAKE,COLUMBIA SAUK,5555,IMPOUNDMENT,23180.49,36.02,1.8,207.1,4,49,155,0.8,0.058,0.037,0.38,NA,20621,NA,190,527057,547868,69832,NA,7161,8986368,9063361,519732,5,15.21,9650344,NA,251.6,,
195,WISCONSIN,LAKE WISSOTA,CHIPPEWA,5556,NA,14374.49,21.97,8.8,133.1,17,29,85,1,0.043,0.028,0.24,NA,3460,NA,204,191106,194771,10050,NA,7619,5588065,5605733,164925,15,8.86,4106444,27,255.1,,
196,WISCONSIN,PEWAUKEE LAKE,WAUKESHA,5557,IMPOUNDMENT,NA,10.09,4.5,NA,4.2,166,440,1.7,0.026,0.015,0.11,NA,NA,NA,NA,NA,NA,NA,NA,NA,NA,NA,NA,NA,NA,NA,NA,NA,,
197,WISCONSIN,OKAUCHEE,WAUKESHA,5558,NATURAL,217.04,4.47,9,1.6,300,196,450,1.9,0.016,0.008,0.32,NA,NA,NA,NA,NA,NA,NA,NA,NA,NA,NA,NA,NA,NA,NA,NA,NA,,
198,WISCONSIN,TICHIGAN LAKE,RACINE,5559,NATURAL,922.04,4.59,1.9,5.4,19,195,575,0.9,0.269,0.207,0.815,NA,78635,NA,159,15243,94036,155048,NA,5932,257311,418290,54735,42,20.51,379075,9,91.2,,
199,WISCONSIN,BROWNS LAKE,RACINE,5560,NATURAL,NA,1.6,2.4,NA,NA,131,418,2,0.022,0.08,0.18,NA,NA,NA,NA,NA,NA,NA,NA,NA,NA,NA,NA,NA,NA,NA,NA,NA,,
200,WISCONSIN,LAKE GENEVA,WALWORTH,5561,NATURAL,NA,21.3,18.6,NA,29,181,400,3.2,0.015,0.006,0.08,NA,NA,NA,NA,NA,NA,NA,NA,NA,NA,NA,NA,NA,NA,NA,NA,NA,,
201,WISCONSIN,COMO,WALWORTH,5562,NATURAL,23.57,3.83,1.3,NA,1.1,156,375,0.5,0.048,0.012,0.48,NA,NA,NA,NA,NA,NA,NA,NA,NA,NA,NA,NA,NA,NA,NA,NA,NA,,
202,WISCONSIN,LAC LA BELLE,WAUKESHA,5563,NATURAL,266.77,4.52,3.5,2,93,177,410,1.6,0.013,0.007,0.24,NA,NA,NA,NA,NA,NA,NA,NA,NA,NA,NA,NA,NA,NA,NA,NA,NA,,
203,WISCONSIN,ROCK LAKE,JEFFERSON,5564,NATURAL,36.52,4.7,5.6,0.2,3.6,176,380,2.3,0.013,0.007,0.19,NA,NA,NA,NA,222,222,NA,NA,NA,12204,12204,163,27,0.05,8376,31,2.6,,
204,WISCONSIN,BIG EAU PLEINE RES,MARATHON,5565,IMPOUNDMENT,945.35,27.64,4.8,9.7,158,23,95,0.8,0.071,0.03,0.57,NA,952,NA,27,40136,41116,4349,NA,1066,599950,605365,31329,24,1.49,659968,NA,21.9,,
205,WISCONSIN,ROUND,WAUPACA,5566,NATURAL,NA,0.32,9.3,NA,NA,149,323,3.4,0.011,0.006,0.89,NA,NA,NA,NA,NA,NA,NA,NA,NA,NA,NA,NA,NA,NA,NA,NA,NA,,
206,WISCONSIN,ROME POND,JEFFERSON,5568,NATURAL,310.8,1.8,0.6,2.2,6,222,448,0.9,0.102,0.082,0.145,NA,508,NA,NA,5560,6068,1533,NA,NA,140381,141914,7247,NA,3.36,133646,6,78.6,,
207,WISCONSIN,MIDDLE LAKE,WALWORTH,5569,NATURAL,NA,1.05,3.2,NA,NA,197,415,3.6,0.011,0.008,0.48,NA,NA,NA,NA,NA,NA,NA,NA,NA,NA,NA,NA,NA,NA,NA,NA,NA,,
208,WISCONSIN,GRAND LAKE,GREEN LAKE,5570,NATURAL,253.3,0.95,1.2,1.2,11,265,510,0.6,0.19,0.15,0.67,NA,1651,NA,14,6454,8118,8000,NA,535,158608,167143,6839,16,8.57,168435,NA,176.5,,
209,WISCONSIN,CRYSTAL LAKE,NA,5571,IMPOUNDMENT,NA,0.36,8.2,NA,NA,10,50,8,0.007,0.005,0.07,NA,NA,NA,NA,NA,NA,NA,NA,NA,NA,NA,NA,NA,NA,NA,NA,NA,,
210,WISCONSIN,TROUT LAKE,VILAS,5572,NATURAL,NA,15.66,11.5,NA,NA,37,93,4.1,0.009,0.005,0.09,NA,NA,NA,NA,NA,NA,NA,NA,NA,NA,NA,NA,NA,NA,NA,NA,NA,,
211,WISCONSIN,WILLOW RESERVOIR,ONEIDA,5574,NATURAL,846.93,20.78,4.6,9.2,119,28,71,1.1,0.029,0.019,0.155,NA,NA,NA,23,9646,9669,NA,NA,907,209175,210082,8717,10,0.47,233565,NA,10.1,,
212,WISCONSIN,YELLOM LAKE,BURNETT,5576,NATURAL,NA,9.26,5.8,NA,154,81,175,1.5,0.065,0.033,0.14,NA,NA,NA,NA,NA,NA,NA,NA,NA,NA,NA,NA,NA,NA,NA,NA,NA,,
